id,nom,prenom,age,sexe,date_naissance,no_tel,email,addresse,ctg
0,Crownwell,Anastasia,26,Feminin,21_12_1999,34900076,anastasia11crownwell@gmail.com,Seoul,Medecin
1,Brown,Britanie,22,Feminin,21_12_1990,90908976,britanie11brown@gmail.com,Gibraltar,Infirmier
2,Cornnwell,Simphony,23,Feminin,28_07_1997,90876545,simphony@cornnwellgmail.com,Zair,Pharmacien
3,Bill,Ditch,22,Masculin,23_01_1996,34546578,ditch90bill@gmail.com,Libye,Medecin
4,Standford,Stanley,34,Masculin,16_08_1996,09998956,stanley80standford@gmail.com,Kinshasa,Pharmacien
5,Harvey,Halsey,27,Feminin,21_07_2000,56677854,halsey7harvey@gmail.com,Seoul,Infirmier
6,Zyt,Aann,26,Feminin,17_02_1995,34900076,aann99zyt@gmail.com,Koweit,Medecin
7,Hann, Sully,25,Feminin,13_10_1945,45234573,hann78sully@gmail.com,Beyrouth,Infirmier
8,Freudicth,Zeynan,45,Masculin,18_09_2001,89730990,zeynan67freudicth@gmail.com,Moscou,Pharmacien
9,Gailto,Kagami,21,Feminin,14_05_2005,23546788,kagami78gailto@gmail.com,Singapour,Medecin
10,Vin,Damon,24,Masculin,19_08_2001,98670124,damon78vin@gmail.com,Montreal,Medecin
